{"Train Loss":0.25250691654121443,"Test Accuracy":69.02654867256636,"_wandb":{"runtime":178},"_runtime":178,"Num example":4,"Train Batch Loss":0.3680591980616252,"_step":334,"Test Loss":0.9303321050916823,"Train Accuracy":89.48374760994264,"_timestamp":1.7572760709481003e+09,"epoch":4}