{"Train Batch Loss":0.3680591980616252,"epoch":4,"Test Loss":0.9303321050916823,"Train Accuracy":89.48374760994264,"Train Loss":0.25250691654121443,"Test Accuracy":69.02654867256636,"_runtime":174,"_wandb":{"runtime":174},"_step":334,"_timestamp":1.7572782616847541e+09,"Num example":2290}