{"_wandb":{"runtime":22},"_runtime":22,"_timestamp":1.7572771972975578e+09,"_step":65,"Train Batch Loss":1.2910215854644775,"Num example":198}